context,question,answer
（二）投保人在申请投保时，应将被保险人的真实年龄在投保单上填明，如果发生错误应按照下列规定办理：1．投保人申报的被保险人年龄不真实，并且其真实年龄不符合本保险合同约定年龄限制的：保险人可以解除本保险合同，并向投保人退还保险单的现金价值；保险人也可仅对该被保险人（而不是全体被保险人）解除合同，并向投保人退还该被保险人的保险单的现金价值。同时，保险人对于保险合同解除前该被保险人发生的保险事故，不承担赔偿或者给付保险金的责任。 2．投保人申报的被保险人年龄不真实，致使投保人支付的保险费少于应付保险费的，保险人有权更正并要求投保人补交保险费，或者在给付保险金时按照实付保险费与应付保险费的比例支付。 3．投保人申报的被保险人年龄不真实，致使投保人支付的保险费多于应付保险费的，保险人应当将多收的保险费退还投保人。,"
根据所给规定，当投保人申报的被保险人年龄不真实时，保险人会根据真实年龄是否符合合同约定以及实付保险费与应付保险费的差异，分别采取哪些具体的处理措施？","
根据所给规定，当投保人申报的被保险人年龄不真实时，保险人会根据真实年龄是否符合合同约定以及实付保险费与应付保险费的差异，采取以下具体的处理措施：

1.  **当真实年龄不符合合同约定的年龄限制时**：
    如果投保人申报的被保险人年龄不真实，并且其真实年龄不符合保险合同约定的年龄限制，保险人有权解除合同。具体处理方式包括：
    *   **解除合同**：保险人可以选择解除整个保险合同，或者仅针对该年龄不符的被保险人解除合同部分。
    *   **退还现金价值**：无论解除全部合同还是部分合同，保险人都需要向投保人退还相应的保险单的现金价值。
    *   **不承担保险责任**：一个重要的后果是，对于在合同解除前，该被保险人已经发生的保险事故，保险人不承担任何赔偿或给付保险金的责任。

2.  **当真实年龄符合合同约定，但申报年龄导致保费差异时**：
    如果被保险人的真实年龄在合同承保范围内，但因申报不实导致保费缴纳有误，保险人会根据是多交还是少交保费来分别处理：
    *   **实付保险费少于应付保险费**：在这种情况下，保险人拥有两种处理选择。一是可以要求投保人补交少缴的保险费以更正错误；二是在发生保险事故需要给付保险金时，按照投保人实际支付的保险费与应付保险费的比例来支付保险金。
    *   **实付保险费多于应付保险费**：在这种情况下，保险人必须将多收的保险费无息退还给投保人。这是保险人的一项法定义务。"
第二十八条【医院】指保险人与投保人约定的定点医院，未约定定点医院的，则指经中华人民共和国卫生部门评审确定的二级或二级以上的公立医院普通部（不包含公立医院的特需医疗、外宾医疗、干部病房），但不包括主要作为诊所、康复、护理、休养、静养、戒酒、戒毒等或类似的医疗机构。该医院必须具有符合国家有关医院管理规则设置标准的医疗设备，且全天二十四小时有合格医师及护士驻院提供医疗及护理服务。,"
根据保险条款中对‘医院’的定义，当未约定定点医院时，哪些类型的医疗机构被明确排除在承保范围之外，同时被认可的公立医院需要满足哪些关于等级、人员配置以及设备配置的具体要求？","
根据保险条款中对‘医院’的定义，当未约定定点医院时，被明确排除在承保范围之外的医疗机构主要包括两大类：第一类是主要作为诊所、康复、护理、休养、静养、戒酒、戒毒或提供类似服务的机构；第二类是即使在符合等级的公立医院内，其特需医疗、外宾医疗和干部病房等特殊部门也被排除在外。

与此同时，被认可的公立医院需要满足以下三个方面的具体要求：
1.  **等级与类型**：医院必须是经中华人民共和国卫生部门评审确定的二级或二级以上的公立医院，并且仅指其“普通部”。
2.  **人员配置**：该医院必须保证全天二十四小时有合格的医师及护士驻院，以便能够随时提供必要的医疗及护理服务。
3.  **设备配置**：医院所拥有的医疗设备必须符合国家有关医院管理规则中设置的相应标准，确保具备提供正规医疗服务的基础设施。"
（一）必选保险责任：单次重度疾病保险金责任在保险期间内，被保险人因意外伤害或在等待期届满日（连续不间断续保为续保生效日）后因意外伤害之外的原因，经符合本保险合同释义约定的医院（以下简称“释义医院”）专科医生确诊初次罹患（指被保险人自出生后首次确诊患有对应疾病，下同）本保险合同约定的任何一组重度疾病中的一种或多种重度疾病，保险人根据本保险合同的约定按照保险单载明的保险金额给付单次重度疾病保险金，给付后本项保险责任终止。本项保险责任下，对于被保险人同时达到本保险合同约定的、两种及以上所属不同组别的重度疾病给付条件，保险人将与被保险人以书面形式协商确定，选择其中一种重度疾病所属组别（确定之后不再接受变更）承担单次重度疾病保险金责任，保险人给付单次重度疾病保险金后本项保险责任终止。,"
根据保险合同，被保险人需要满足哪些条件才能获得单次重度疾病保险金，尤其是在同时初次罹患多种不同组别重度疾病的情况下，保险责任将如何履行和终止？","
根据提供的保险合同内容，被保险人需要满足以下一系列条件才能获得单次重度疾病保险金：

**一、 获得保险金的基本条件：**

1.  **时间条件**：事件必须发生在保险期间内。
2.  **原因与等待期条件**：疾病的起因必须是意外伤害，或者是在等待期届满之后（对于连续不间断续保的情况，则为续保生效日之后）因意外伤害之外的原因。
3.  **确诊条件**：必须由符合保险合同释义中约定的医院（即“释义医院”）的专科医生进行确诊。
4.  **疾病性质条件**：必须是初次罹患本保险合同所约定的任何一组重度疾病中的一种或多种。合同对“初次罹患”有明确定义，即指被保险人自出生后首次确诊患有对应的疾病。

当被保险人同时满足以上所有条件时，保险人将按照保险单上载明的保险金额给付单次重度疾病保险金。

**二、 同时初次罹患多种不同组别重度疾病时的特殊处理：**

合同对被保险人同时初次罹患多种不同组别重度疾病的情况做出了特别规定：

1.  **协商确定**：如果被保险人同时达到了合同约定的、两种或以上属于不同组别的重度疾病的给付条件，保险人不会对多种疾病进行赔付，而是会与被保险人以书面形式进行协商。
2.  **单一选择**：双方需要从这些符合条件的疾病中，共同选择其中一种重度疾病所属的组别作为赔付依据。这个组别一旦确定，就不能再进行变更。
3.  **责任履行**：保险人将仅根据这个被选定的组别，承担单次重度疾病保险金的给付责任。

**三、 保险责任的终止：**

无论是在一般情况（罹患一种或多种同组疾病）下，还是在特殊情况（同时罹患多种不同组疾病并协商选定一组）下，只要保险人给付了单次重度疾病保险金，该项“单次重度疾病保险金责任”即告终止。这意味着被保险人未来不能再因其他重度疾病就此项保险责任提出索赔。"
1．跨省异地转诊交通费用保险责任（本保险合同所述“跨省”，指在中华人民共和国境内（不包括港澳台地区）从一个省级行政区（省/自治区/直辖市）到另一个省级行政区，下同）本项责任承保的保险事故包括两类：（1）在保险期间内，被保险人遭受意外伤害事故；（2）自保险期间开始且保险单载明的等待期满之日起（连续不间断续保从续保生效日起），被保险人经释义医院专科医生明确诊断初次发生重大疾病，且该重大疾病不属于责任免除列明的疾病。保险期间内，被保险人因前述两类保险事故在释义医院或保险合同载明的医疗机构接受治疗时，因病情需要跨省转院治疗的，经被保险人申请，并由前述转出释义医院或保险合同载明的医疗机构开具转院证明，对于被保险人发生的合理且必要的因跨省转院治疗产生的公共交通工具费用、救护车使用费，保险人扣除保险单载明的免赔额后按赔付比例给付跨省异地转诊交通费用保险金，最高不得超过跨省异地转诊交通费用保险金额，当累计给付金额达到跨省异地转诊交通费用保险金额时，保险人对被保险人的本项保险责任终止。除另有约定外，被保险人乘坐的飞机舱位级别最高以经济舱（包含超级经济舱）为限，火车（含地铁、轻轨、动车、全列软席列车、其他高速列车）以软卧或一等座为限。如被保险人乘坐的飞机或火车舱位超出上述范围的，保险人核定该项费用损失金额时以上述最高舱位对应金额为准，再根据本保险合同约定扣除保险单载明的免赔额后按赔付比例予以赔偿。,"
根据保险合同，被保险人在发生哪两类保险事故后，因病情需要跨省转院治疗时可以申请交通费用保险金？申请时必须提供什么证明文件？保险人对于承保的公共交通工具有哪些舱位级别限制，以及当被保险人乘坐的舱位超出限制时，保险人将如何核定最终的赔偿金额？","
根据保险合同，被保险人在发生以下两类保险事故后，因病情需要跨省转院治疗时可以申请交通费用保险金：

1.  **意外伤害事故**：在保险期间内，被保险人遭受意外伤害事故。
2.  **初次罹患重大疾病**：自保险期间开始且保险单载明的等待期满之日起（若连续不间断续保则从续保生效日起），被保险人经释义医院专科医生明确诊断初次发生不属于责任免除范围的重大疾病。

在申请交通费用保险金时，必须提供由转出医院开具的证明文件。具体而言，需要经被保险人申请，并由为被保险人提供治疗的转出释义医院或保险合同载明的医疗机构开具**转院证明**。

保险人对于承保的公共交通工具有明确的舱位级别限制，具体如下：

*   **飞机**：舱位级别最高以**经济舱（包含超级经济舱）**为限。
*   **火车**：包括地铁、轻轨、动车、全列软席列车、其他高速列车等，舱位级别以**软卧或一等座**为限。

如果被保险人实际乘坐的飞机或火车舱位超出了上述限制范围，保险人将按照以下方式核定最终的赔偿金额：首先，保险人会以合同规定的最高舱位级别所对应的金额作为核定该项费用损失金额的标准。然后，再根据保险合同的约定，从这个核定后的金额中扣除保险单载明的免赔额，并按约定的赔付比例予以赔偿。"
